<?xml version="1.0" encoding="UTF-8"?>
<!DOCTYPE resources PUBLIC "-//GlassFish.org//DTD GlassFish Application Server 3.1 Resource Definitions//EN"
"http://glassfish.org/dtds/glassfish-resources_1_5.dtd">
<resources>
  <jdbc-resource enabled="true" jndi-name="jdbc/dbpam" object-type="user" pool-name="connectionPool">
<description/>
  </jdbc-resource>
<jdbc-connection-pool allow-non-component-callers="false" associate-with-thread="false" connection-creation-retryattempts="0" connection-creation-retry-interval-in-seconds="10" connection-leak-reclaim="false" connection-leak-timeoutin-seconds="0" connection-validation-method="auto-commit" datasourceclassname="com.mysql.jdbc.jdbc2.optional.MysqlDataSource" fail-all-connections="false" idle-timeout-in-seconds="300"is-connection-validation-required="false" is-isolation-level-guaranteed="true" lazy-connection-association="false" lazyconnection-enlistment="false" match-connections="false" max-connection-usage-count="0" max-pool-size="32" max-waittime-in-millis="60000" name="connectionPool" non-transactional-connections="false" pool-resize-quantity="2" restype="javax.sql.DataSource" statement-timeout-in-seconds="-1" steady-pool-size="8" validate-atmost-once-period-inseconds="0" wrap-jdbc-objects="false">
<property name="URL" value="jdbc:mysql://localhost:3306/dbpam?zeroDateTimeBehavior=convertToNull"/>
<property name="User" value="root"/>
<property name="Password" value="root"/>
</jdbc-connection-pool>
</resources>